time,label
0.10371899604797363,Angry
13.302413940429688,Happy
14.726603031158447,Happy
